City,Cloudiness,Country,Date,Humidity,Lat,Lng,Max Temp,Wind Speed
Beni Mazar,0,EG,1598743080,57,28.5,30.8,80.37,15.28
Hilo,40,US,1598742799,52,19.73,-155.09,87.8,10.29
George Town,40,MY,1598742904,94,5.41,100.34,77.0,3.36
Avarua,14,CK,1598743051,73,-21.21,-159.78,77.0,17.22
Zonguldak,0,TR,1598743081,38,41.25,31.83,68.59,4.56
Punta Arenas,40,CL,1598742971,86,-53.15,-70.92,39.2,29.97
Mataura,99,NZ,1598742813,65,-46.19,168.86,55.11,10.65
Laguna,1,US,1598743081,27,38.42,-121.42,93.0,8.05
Atuona,18,PF,1598743025,78,-9.8,-139.03,79.0,18.45
Northam,1,GB,1598743082,78,51.03,-4.22,55.0,8.99
Bredasdorp,76,ZA,1598743007,93,-34.53,20.04,42.8,2.24
Barrow,90,US,1598743082,86,71.29,-156.79,37.4,16.11
Port Alfred,34,ZA,1598743082,68,-33.59,26.89,51.01,19.73
Ulladulla,0,AU,1598743082,47,-35.35,150.47,63.0,11.41
Vaini,20,TO,1598743014,74,-21.2,-175.2,80.6,13.87
Sokoni,0,TZ,1598743083,78,-6.43,39.55,75.74,11.16
Albany,64,US,1598743083,88,42.6,-73.97,79.0,8.5
Katsuura,40,JP,1598742970,84,35.13,140.3,86.0,9.17
Lompoc,1,US,1598743083,64,34.64,-120.46,70.0,12.75
Mahébourg,75,MU,1598743021,77,-20.41,57.7,69.8,14.99
Maceió,20,BR,1598743073,94,-9.67,-35.74,73.4,8.05
Camacha,40,PT,1598743084,60,33.08,-16.33,69.8,13.87
Boueni,0,YT,1598743084,78,-12.9,45.08,75.2,6.93
Cherskiy,100,RU,1598743084,81,68.75,161.3,43.47,2.1
Hithadhoo,96,MV,1598743023,73,-0.6,73.08,82.63,9.82
Cabo San Lucas,90,MX,1598743068,88,22.89,-109.91,82.99,11.41
Rikitea,46,PF,1598743085,68,-23.12,-134.97,70.27,7.05
Pevek,100,RU,1598743061,82,69.7,170.31,38.84,0.78
Busselton,89,AU,1598743034,77,-33.65,115.33,43.0,7.14
Dikson,100,RU,1598742976,97,73.51,80.55,42.12,19.66
Saskylakh,100,RU,1598743041,57,71.92,114.08,53.37,3.96
Ushuaia,90,AR,1598742856,95,-54.8,-68.3,33.8,23.04
Wau,98,SS,1598743087,91,7.7,28.0,72.16,3.4
Kismayo,22,SO,1598743087,82,-0.36,42.55,77.2,13.62
Kindersley,75,CA,1598742977,45,51.47,-109.17,62.6,16.11
Saint Anthony,1,US,1598743087,41,45.02,-93.22,75.99,6.93
Puerto Nariño,20,CO,1598743087,66,-3.77,-70.38,87.8,4.7
Salalah,90,OM,1598743056,94,17.02,54.09,77.0,2.24
San Patricio,75,MX,1598743088,79,19.22,-104.7,86.0,23.04
Guerrero Negro,17,MX,1598742850,64,27.98,-114.06,80.96,12.66
Galesong,20,ID,1598743088,88,-5.32,119.37,73.4,1.12
Safi,0,MA,1598742906,68,32.3,-9.24,67.89,18.68
Kiryat Gat,0,IL,1598743089,90,31.61,34.76,82.0,2.19
Broken Hill,67,AU,1598743091,29,-31.95,141.43,62.6,17.22
Peleduy,100,RU,1598743091,89,59.63,112.74,55.09,2.35
Kavieng,38,PG,1598743047,73,-2.57,150.8,83.98,12.59
Umeå,82,SE,1598743092,93,63.83,20.26,42.8,4.7
Lüderitz,0,NA,1598743092,65,-26.65,15.16,52.14,17.81
Cosamaloapan,54,MX,1598743092,76,18.37,-95.8,87.89,5.48
Geraldton,0,AU,1598742946,81,-28.77,114.6,44.6,8.05
Acacoyagua,40,MX,1598743093,70,15.35,-92.65,89.6,11.41
Grindavik,90,IS,1598743093,100,63.84,-22.43,51.8,14.99
Mossamedes,0,AO,1598743093,69,-15.2,12.15,60.96,2.17
Hermanus,85,ZA,1598743046,92,-34.42,19.23,39.99,3.18
Baharly,0,TM,1598743094,18,38.44,57.43,78.93,8.05
East London,77,ZA,1598743023,58,-33.02,27.91,54.27,18.66
Cape Town,20,ZA,1598743094,93,-33.93,18.42,46.0,2.24
Esim,16,GH,1598743094,90,4.87,-2.24,73.94,8.28
Thompson,75,CA,1598743050,63,55.74,-97.86,60.8,2.24
Carnarvon,0,AU,1598743054,66,-24.87,113.63,53.6,9.17
Kapaa,90,US,1598742813,78,22.08,-159.32,86.0,9.17
Kalabo,54,ZM,1598743095,44,-14.97,22.68,75.07,2.55
Castro,0,BR,1598743003,77,-24.79,-50.01,62.31,4.36
Coyhaique,75,CL,1598742836,65,-45.58,-72.07,41.0,9.17
San Cristobal,40,VE,1598742980,55,7.77,-72.22,87.8,8.05
Arrondissement de Saint-Gaudens,100,FR,1598743096,87,43.08,0.67,57.2,8.05
Chokurdakh,100,RU,1598743096,85,70.63,147.92,41.32,4.68
Touros,40,BR,1598743096,83,-5.2,-35.46,77.0,6.93
Qaanaaq,0,GL,1598743096,83,77.48,-69.36,33.85,3.65
Butaritari,50,KI,1598743096,70,3.07,172.79,83.48,10.51
Ostrovnoy,100,RU,1598743097,93,68.05,39.51,47.57,4.23
Bonavista,53,CA,1598743097,78,48.65,-53.11,60.01,11.01
Puerto Escondido,75,MX,1598743097,74,15.85,-97.07,84.2,5.82
Sitka,90,US,1598743088,87,57.05,-135.33,55.4,4.59
Kalmunai,86,LK,1598743097,78,7.42,81.82,79.59,3.74
Pisco,75,PE,1598743095,77,-13.7,-76.22,62.6,19.46
São João da Barra,2,BR,1598742819,85,-21.64,-41.05,73.04,17.09
Cam Ranh,40,VN,1598743098,88,11.92,109.16,80.6,2.24
Linjiang,26,CN,1598743098,87,41.81,126.91,69.19,0.6
Nortelândia,44,BR,1598743098,14,-14.45,-56.8,84.87,4.97
Viedma,0,AR,1598743099,47,-40.81,-63.0,41.0,1.01
Puerto Ayora,97,EC,1598743099,85,-0.74,-90.35,65.91,11.54
Byron Bay,90,AU,1598743099,93,-28.65,153.62,64.99,1.12
Husavik,75,IS,1598743099,87,66.04,-17.34,46.4,10.29
Chumikan,11,RU,1598743100,59,54.72,135.31,55.89,6.78
Baykit,42,RU,1598743100,87,61.67,96.37,48.52,1.39
Kurumkan,98,RU,1598743100,77,54.3,110.3,54.16,1.99
Chambersburg,18,US,1598743100,62,39.94,-77.66,82.99,10.65
Airai,25,TL,1598743101,39,-8.93,125.41,61.12,2.98
Fowa,81,NG,1598743101,87,8.92,6.4,74.41,1.39
Kiunga,100,PG,1598743101,94,-6.12,141.29,76.96,2.24
Maţāy,0,EG,1598743101,57,28.42,30.78,80.29,14.72
Jamestown,90,US,1598742835,77,42.1,-79.24,66.99,16.11
Lata,0,PT,1598743102,79,40.16,-8.33,63.0,0.6
Nicolás Bravo,40,MX,1598743102,70,18.45,-88.92,89.6,17.22
Mengyin,0,CN,1598743102,88,35.71,117.93,72.09,2.21
Salinópolis,9,BR,1598743102,79,-0.61,-47.36,80.29,15.21
Lorengau,86,PG,1598743047,73,-2.02,147.27,83.77,12.48
Palana,30,RU,1598743103,75,59.12,159.97,50.81,15.79
Ardatov,52,RU,1598743103,93,55.24,43.1,51.55,4.94
New Norfolk,70,AU,1598743103,42,-42.78,147.06,62.01,4.0
Saint-Philippe,20,RE,1598743053,82,-21.36,55.77,68.0,8.05
Rocha,100,UY,1598742806,87,-34.48,-54.33,50.88,15.35
Adeje,75,ES,1598743104,69,28.12,-16.73,75.99,19.46
Morón,54,AR,1598743042,75,-34.65,-58.62,55.0,5.99
Biak,100,ID,1598743104,78,-0.91,122.88,76.91,9.26
Esna,0,EG,1598743104,35,25.29,32.55,87.8,2.24
Russell,75,US,1598742971,74,32.35,-85.2,87.8,5.82
Mahibadhoo,94,MV,1598743105,66,3.78,72.97,82.83,5.7
Zhigansk,100,RU,1598743068,67,66.77,123.37,55.26,9.64
Lakes Entrance,37,AU,1598743105,36,-37.88,147.98,64.0,15.01
San Andrés,90,CO,1598743105,88,12.58,-81.7,78.8,4.7
Saint Paul Harbor,90,US,1598742839,93,57.79,-152.41,53.6,27.51
Nikolskoye,75,RU,1598743077,93,59.7,30.79,55.4,6.71
Ancud,30,CL,1598743043,80,-41.87,-73.82,45.0,8.21
Satuba,20,BR,1598743101,94,-9.56,-35.82,73.4,8.05
Fort Nelson,75,CA,1598742966,76,58.81,-122.7,51.8,13.87
Saint-Pierre,20,RE,1598743036,82,-21.34,55.48,68.0,8.05
Usinsk,26,RU,1598743065,80,65.99,57.53,45.66,9.55
Caranan,100,PH,1598743106,77,13.52,123.02,80.56,2.75
Ribeira Grande,100,PT,1598742992,93,38.52,-28.7,75.09,6.51
Bay Roberts,30,CA,1598743107,100,47.6,-53.26,57.99,3.0
Ust-Tsilma,24,RU,1598743107,89,65.44,52.15,46.33,5.86
Plouzané,20,FR,1598743107,87,48.38,-4.62,55.4,5.82
Bluff,86,NZ,1598743108,74,-46.6,168.33,53.55,32.93
Mpika,33,ZM,1598743108,43,-11.83,31.45,63.73,6.35
Emerald,7,AU,1598743108,63,-23.53,148.17,64.99,9.17
Motygino,1,RU,1598743108,96,58.18,94.76,47.73,1.99
Arraial do Cabo,0,BR,1598743001,73,-22.97,-42.03,73.4,17.22
Naze,75,JP,1598743109,89,28.37,129.48,84.2,10.29
Genoa,40,IT,1598743109,88,44.41,8.96,75.2,6.93
Paracuru,32,BR,1598743109,76,-3.41,-39.03,79.0,21.99
Upernavik,0,GL,1598743035,72,72.79,-56.15,40.64,5.28
Bilma,66,NE,1598743100,44,18.69,12.92,87.8,9.44
Bengkulu,83,ID,1598743110,84,-3.8,102.27,75.33,5.01
Bara,98,NG,1598743110,86,10.37,10.73,74.68,2.73
Faanui,55,PF,1598743041,77,-16.48,-151.75,77.94,23.98
Plácido de Castro,71,BR,1598743110,45,-10.34,-67.19,86.74,3.15
Provideniya,56,RU,1598743111,66,64.38,-173.3,52.18,10.56
Arman',0,RU,1598743111,51,59.7,150.17,53.8,9.51
Avera,1,US,1598743111,83,33.19,-82.53,86.0,4.7
Mocuba,90,MZ,1598743111,57,-16.84,36.99,74.55,5.66
Ketchikan,90,US,1598743061,76,55.34,-131.65,57.2,1.28
Lucapa,55,AO,1598743112,64,-8.42,20.74,73.69,3.58
Saldanha,16,ZA,1598743056,75,-33.01,17.94,41.0,3.36
Vardø,77,NO,1598743038,78,70.37,31.11,51.17,14.23
Tazovsky,97,RU,1598743112,86,67.47,78.7,46.44,14.14
Boyuibe,0,BO,1598743112,27,-20.42,-63.28,80.92,5.73
Lavrentiya,11,RU,1598743113,63,65.58,-171.0,49.05,8.61
Kaeo,0,NZ,1598743113,53,-35.1,173.78,62.29,1.63
Novaya Igirma,52,RU,1598743113,86,57.13,103.91,52.3,1.43
Nuuk,20,GL,1598742838,81,64.18,-51.72,51.8,8.05
Lebu,1,CL,1598743069,70,-37.62,-73.65,46.11,16.35
Hlatikulu,72,SZ,1598743114,97,-26.97,31.32,55.35,8.63
Asău,0,RO,1598743074,80,46.43,26.4,64.0,3.98
São José da Coroa Grande,18,BR,1598743075,83,-8.9,-35.15,75.27,11.92
Čačak,0,RS,1598743114,100,43.89,20.35,68.0,3.24
Fortuna,1,US,1598743032,72,40.6,-124.16,66.99,13.87
Vanavara,0,RU,1598743114,88,60.34,102.28,49.75,2.06
Yaring,60,TH,1598743115,85,6.87,101.37,77.72,4.18
Mount Gambier,75,AU,1598743004,76,-37.83,140.77,55.4,17.22
Petropavlovskoye,38,RU,1598743115,83,52.07,84.11,51.69,3.87
Codrington,93,AU,1598743033,68,-38.27,141.97,56.71,17.9
Yangi Marg`ilon,28,UZ,1598743115,56,40.43,71.72,69.8,6.93
Iqaluit,75,CA,1598743116,58,63.75,-68.51,55.4,9.17
Bambous Virieux,75,MU,1598743096,77,-20.34,57.76,70.0,14.99
São Filipe,58,CV,1598743116,85,14.9,-24.5,79.68,7.43
La Palma,1,US,1598743116,42,33.85,-118.05,86.0,8.05
Camalú,2,MX,1598743116,51,30.85,-116.07,77.95,11.45
Dumai,67,ID,1598743117,96,1.68,101.45,73.27,2.57
Rio Grande,91,BR,1598742855,96,-32.03,-52.1,60.01,8.01
Hobart,75,AU,1598742861,58,-42.88,147.33,61.0,8.05
Gamba,100,GA,1598743068,88,-2.65,10.0,73.42,7.94
Lerwick,100,GB,1598743030,81,60.15,-1.15,48.2,4.7
Hobyo,49,SO,1598743117,85,5.35,48.53,77.13,23.96
Garissa,14,KE,1598743101,78,-0.45,39.64,72.36,11.9
Hong Kong,0,HK,1598743089,70,22.29,114.16,84.0,3.0
Vostok,100,RU,1598743118,97,46.49,135.88,49.46,4.03
Gaozhou,1,CN,1598743118,86,21.94,110.85,77.95,2.51
Yakeshi,100,CN,1598743118,92,49.28,120.73,53.37,3.38
Tautira,20,PF,1598743119,62,-17.73,-149.15,84.2,6.93
Vágur,87,FO,1598743119,78,61.47,-6.81,50.32,7.9
Bagdarin,100,RU,1598743070,92,54.43,113.6,50.14,1.74
Khovd,83,MN,1598743040,67,48.01,91.64,50.41,5.08
Perelyub,0,RU,1598743120,70,51.87,50.37,62.44,5.17
Krasnosel'kup,100,RU,1598743120,91,65.7,82.47,54.18,7.36
San Quintín,1,MX,1598743038,64,30.48,-115.95,74.82,15.1
Beya,6,RU,1598743120,88,53.05,90.91,49.75,4.92
Zemio,100,CF,1598743120,97,5.03,25.14,68.5,4.09
Padang,84,ID,1598742873,79,-0.95,100.35,76.84,5.28
Souillac,75,MU,1598743121,77,-20.52,57.52,69.8,14.99
Susa,0,IR,1598743121,12,32.19,48.24,89.01,6.67
Inírida,64,CO,1598743121,92,3.87,-67.92,74.89,3.98
Izumo,0,JP,1598743121,94,35.37,132.77,78.8,3.36
Hamilton,20,US,1598742961,48,39.18,-84.53,82.99,6.93
Podgornoye,26,RU,1598743122,76,51.73,39.15,55.4,2.24
Khatanga,88,RU,1598743034,72,71.97,102.5,49.84,10.04
Tevaitoa,50,PF,1598743122,76,-16.78,-151.5,78.15,24.99
Nhulunbuy,40,AU,1598743097,69,-12.23,136.77,78.8,16.11
Mitsamiouli,0,KM,1598743122,71,-11.38,43.28,75.4,10.4
Dukat,100,RU,1598743123,85,62.55,155.55,40.35,4.85
Dale,1,US,1598743123,61,38.17,-86.99,84.2,3.36
Santiago del Estero,98,AR,1598743123,63,-27.8,-64.26,63.63,19.8
Rognan,93,NO,1598743123,94,67.1,15.39,45.0,3.98
Victorville,0,US,1598742971,15,34.54,-117.29,93.0,17.0
Fes,0,MA,1598743124,52,34.04,-5.0,66.2,5.82
Yellowknife,90,CA,1598742966,93,62.46,-114.35,48.2,18.34
Kruisfontein,59,ZA,1598743083,78,-34.0,24.73,46.99,3.0
Coquimbo,88,CL,1598743124,71,-29.95,-71.34,57.2,13.87
Mar del Plata,40,AR,1598743028,52,-38.0,-57.56,44.6,9.17
Calbuco,75,CL,1598742978,81,-41.77,-73.13,44.6,1.12
Mackay,80,AU,1598743125,68,-21.15,149.2,71.6,20.8
Severo-Kuril'sk,94,RU,1598743033,89,50.68,156.12,49.93,10.45
Tasiilaq,100,GL,1598743053,70,65.61,-37.64,44.6,12.75
Altay,0,CN,1598743030,58,47.87,88.12,51.28,2.53
Mount Isa,40,AU,1598743029,43,-20.73,139.5,71.6,11.41
Nola,0,IT,1598743126,61,40.92,14.53,79.0,3.36
Santa Cruz de la Sierra,11,BO,1598743126,55,-17.8,-63.17,87.8,16.11
Doha,5,QA,1598743126,50,25.29,51.53,95.0,8.12
Maniitsoq,100,GL,1598743076,76,65.42,-52.9,49.91,9.17
Ponta do Sol,40,PT,1598743036,64,32.67,-17.1,71.6,18.34
Kutum,71,SD,1598743118,59,14.2,24.67,75.16,3.42
Bariloche,40,AR,1598743127,47,-41.15,-71.31,37.4,17.22
Visnes,13,NO,1598743127,67,59.36,5.22,57.2,23.04
Boshnyakovo,97,RU,1598743127,59,49.63,142.17,58.71,1.34
Sangīn,0,AF,1598743128,23,32.07,64.84,68.59,3.58
Naples,0,IT,1598742841,61,40.83,14.25,82.0,3.36
Yuzhno-Kurilsk,100,RU,1598743128,74,44.03,145.86,55.69,7.61
Kahului,20,US,1598743128,43,20.89,-156.47,91.4,31.09
Aklavik,20,CA,1598743129,54,68.22,-135.01,57.2,3.36
Eydhafushi,100,MV,1598743129,65,5.1,73.07,82.85,3.96
Goderich,49,CA,1598743129,79,43.75,-81.72,71.01,17.47
Waingapu,5,ID,1598743129,77,-9.66,120.26,73.6,8.66
Nāthdwāra,100,IN,1598743130,83,24.93,73.82,75.88,4.68
Dingle,100,PH,1598743130,84,11.0,122.67,78.71,3.89
Clyde River,1,CA,1598743069,81,70.47,-68.59,48.2,10.29
Visby,42,SE,1598743130,87,57.64,18.3,61.0,19.46
Mahon,20,ES,1598743130,88,39.89,4.27,68.0,8.05
Christchurch,11,NZ,1598742951,34,-43.53,172.63,68.0,4.7
Pudozh,40,RU,1598743131,96,61.81,36.53,44.15,2.89
Almaznyy,38,RU,1598743131,63,48.04,40.05,60.8,4.47
Labuan,20,MY,1598743105,100,5.28,115.24,75.2,1.12
Chennai,40,IN,1598743084,88,13.09,80.28,82.4,5.82
Mackenzie,75,CA,1598743132,50,55.3,-123.17,57.2,6.93
Gushikawa,1,JP,1598743132,88,26.35,127.87,82.4,9.17
Rawson,0,AR,1598743073,52,-43.3,-65.1,45.52,10.83
Acapulco de Juárez,75,MX,1598742833,78,16.86,-99.89,82.4,6.93
Matara,89,LK,1598743132,85,5.95,80.54,78.17,10.02
Ghanzi,34,BW,1598743133,37,-21.57,21.78,54.14,11.36
Aksu,0,CN,1598743133,43,41.12,80.26,66.13,1.9
Kindu,100,CD,1598743133,95,-2.95,25.95,69.15,3.74
Shizunai-furukawachō,100,JP,1598743133,87,42.33,142.37,60.21,17.69
Paamiut,59,GL,1598742986,86,61.99,-49.67,45.5,11.77
Calvinia,46,ZA,1598743134,90,-31.47,19.78,34.52,3.49
Kieta,3,PG,1598743066,68,-6.22,155.63,85.05,7.2
Manokwari,100,ID,1598743134,81,-0.87,134.08,78.22,11.43
Concarneau,0,FR,1598743134,82,47.88,-3.92,55.4,10.29
Portland,1,US,1598743055,33,45.52,-122.68,79.0,11.48
Kundiawa,48,PG,1598743135,40,-6.02,144.97,72.0,0.31
Hasaki,20,JP,1598743135,83,35.73,140.83,84.2,3.36
Araouane,93,ML,1598743135,49,18.9,-3.53,86.85,12.37
Tommot,100,RU,1598743136,63,58.96,126.29,58.48,4.12
Kamenka,99,RU,1598743136,74,51.32,42.77,57.72,4.43
Marsh Harbour,100,BS,1598743053,70,26.54,-77.06,84.33,3.13
Quelimane,0,MZ,1598743136,73,-17.88,36.89,75.2,5.82
Chui,95,UY,1598743030,80,-33.7,-53.46,54.34,14.45
Vila do Maio,20,CV,1598743137,94,15.13,-23.22,78.8,2.24
Bathsheba,40,BB,1598743137,83,13.22,-59.52,80.6,13.87
Fairbanks,1,US,1598742938,63,64.84,-147.72,63.0,4.7
Lira,99,UG,1598743138,96,2.23,32.91,64.22,4.61
Sørland,100,NO,1598743041,66,67.67,12.69,49.93,13.13
Santa Maria,40,BR,1598743061,88,-29.68,-53.81,71.6,3.36
Mehamn,71,NO,1598743138,81,71.04,27.85,48.76,10.45
Rudnichnyy,100,RU,1598743138,97,59.62,52.47,54.81,4.09
Beltangadi,100,IN,1598743139,99,13.98,75.3,67.96,3.69
Ilulissat,40,GL,1598743139,61,69.22,-51.1,46.4,6.93
Klaksvík,94,FO,1598743139,87,62.23,-6.59,46.4,2.46
Zarubino,100,RU,1598743139,90,42.63,131.09,64.63,12.53
Phuket,20,TH,1598743054,94,8.0,98.25,86.0,1.12
Kaoma,44,ZM,1598743140,44,-14.78,24.8,67.6,0.74
Narsaq,59,GL,1598743073,31,60.92,-46.05,60.8,21.92
Letka,51,RU,1598743140,96,59.6,49.42,53.76,2.39
Bilibino,100,RU,1598743076,76,68.05,166.44,45.68,3.24
Tual,55,ID,1598743141,84,-5.67,132.75,79.41,21.32
Touba,100,CI,1598743141,89,8.28,-7.68,71.58,8.57
Oregon City,1,US,1598743141,24,45.36,-122.61,79.0,10.29
Chul'man,100,RU,1598743141,70,56.85,124.91,50.52,5.93
Beaverlodge,75,CA,1598743141,38,55.22,-119.44,60.8,26.4
Bonthe,100,SL,1598743142,88,7.53,-12.51,76.3,10.18
Gizo Government Station,11,SB,1598743081,77,-8.1,156.84,83.41,10.49
Klyuchi,32,RU,1598743142,55,52.27,79.17,61.72,6.49
Sabha,0,LY,1598743142,21,27.04,14.43,86.76,10.96
Port Hardy,75,CA,1598742961,67,50.7,-127.42,62.6,14.99
Kita,99,ML,1598743143,94,13.03,-9.49,73.6,4.7
Majene,46,ID,1598743143,76,-3.54,118.97,77.4,10.85
Cidreira,49,BR,1598742984,81,-30.18,-50.21,66.69,8.77
Togur,3,RU,1598743143,96,58.36,82.83,51.87,4.92
Te Anau,100,NZ,1598743144,78,-45.42,167.72,50.4,7.76
Cravo Norte,1,CO,1598743144,74,6.3,-70.2,81.55,5.37
Curanilahue,0,CL,1598743144,76,-37.47,-73.35,40.82,6.04
Pangkalanbuun,50,ID,1598743144,94,-2.68,111.62,73.89,2.13
Cairns,75,AU,1598743145,94,-16.92,145.77,71.01,16.11
Kumba,96,CM,1598743145,95,4.64,9.45,71.06,1.66
Srednekolymsk,27,RU,1598743145,68,67.45,153.68,46.65,3.51
Voh,73,NC,1598743080,50,-20.97,164.7,74.89,10.27
Kenai,1,US,1598743092,51,60.55,-151.26,62.6,9.17
Petropavlovsk-Kamchatskiy,86,RU,1598743074,100,53.05,158.65,50.0,2.24
Manakara,12,MG,1598743146,90,-22.13,48.02,67.6,6.38
Haysville,90,US,1598743146,61,37.56,-97.35,80.6,6.93
Roald,99,NO,1598743082,81,62.58,6.13,50.0,3.36
Östersund,31,SE,1598743146,93,63.18,14.64,48.2,3.36
Eilat,0,IL,1598743069,62,29.56,34.95,89.6,4.7
Lat Yao,58,TH,1598743147,81,15.75,99.79,78.12,1.34
Dwārka,100,IN,1598743106,85,22.24,68.97,81.72,16.8
Grand Gaube,8,MU,1598743074,74,-20.01,57.66,70.0,5.99
Ciudad Bolivar,34,VE,1598743147,73,8.12,-63.55,82.08,8.01
Dunedin,30,NZ,1598743033,78,-45.87,170.5,52.0,10.0
Bethel,40,US,1598743148,78,41.37,-73.41,78.8,8.05
Mezen',100,RU,1598743032,77,65.85,44.24,47.68,8.79
Charters Towers,16,AU,1598743148,63,-20.1,146.27,67.84,18.5
Mayo,1,US,1598743148,83,38.89,-76.51,84.99,4.7
Myanaung,100,MM,1598743148,88,18.28,95.32,77.56,0.65
Boyolangu,76,ID,1598743149,85,-8.12,111.89,71.24,1.12
Paka,91,MY,1598743149,88,4.64,103.44,77.0,2.24
Kavaratti,99,IN,1598743149,79,10.57,72.64,81.46,14.38
Āwash,45,ET,1598743149,59,8.98,40.17,74.93,5.7
Lexington,40,US,1598743150,69,37.99,-84.48,82.0,10.29
Correntina,0,BR,1598743150,35,-13.34,-44.64,73.42,4.29
Guarapari,20,BR,1598742908,88,-20.67,-40.5,73.4,11.41
Lianzhou,2,CN,1598743150,76,24.78,112.38,76.19,1.28
Līsakovsk,91,KZ,1598743150,68,52.54,62.49,66.97,7.76
Jining,0,CN,1598743151,1,35.41,116.58,82.99,2.01
Lagoa,100,PT,1598743151,94,39.05,-27.98,74.14,6.49
Tiksi,0,RU,1598743040,82,71.69,128.87,44.1,7.81
Fare,35,PF,1598743151,75,-16.7,-151.02,78.33,24.29
Port Macquarie,5,AU,1598743152,81,-31.43,152.92,63.0,8.97
Vao,69,NC,1598743152,65,-22.67,167.48,66.58,16.37
Busko-Zdrój,70,PL,1598743152,1,50.47,20.72,62.01,7.65
Alofi,38,NU,1598743152,69,-19.06,-169.92,80.6,18.34
Winslow,1,US,1598743153,17,35.02,-110.7,93.2,14.99
Nanortalik,100,GL,1598743073,73,60.14,-45.24,50.09,10.47
Pāsighāt,100,IN,1598743153,84,28.07,95.33,75.85,2.04
Kulhudhuffushi,89,MV,1598743153,69,6.62,73.07,82.85,6.67
Wanning,18,CN,1598743153,85,18.8,110.4,78.55,3.09
Esperance,90,AU,1598743049,93,-33.87,121.9,48.2,3.36
Chapais,90,CA,1598743068,71,49.78,-74.85,53.6,5.82
Saint-Augustin,60,CA,1598743064,61,51.23,-58.65,58.39,5.26
Pacific Grove,1,US,1598743022,60,36.62,-121.92,69.8,12.75
Jiuquan,1,CN,1598743154,52,39.74,98.52,55.44,4.07
Saint George,1,US,1598743054,16,37.1,-113.58,98.6,17.22
Neiafu,20,TO,1598743155,69,-18.65,-173.98,80.6,18.34
Cotonou,20,BJ,1598743035,88,6.37,2.42,77.0,13.87
Anadyr,75,RU,1598743083,70,64.75,177.48,50.0,17.9
Atok,100,PH,1598743155,100,16.57,120.68,62.22,1.54
Longyearbyen,75,SJ,1598743155,60,78.22,15.64,41.0,14.99
Tiznit Province,1,MA,1598743025,59,29.58,-9.5,69.06,4.03
Galle,76,LK,1598742870,84,6.04,80.22,79.3,11.7
Zyryanka,0,RU,1598743156,63,65.75,150.85,48.69,1.03
Tuktoyaktuk,40,CA,1598743156,75,69.45,-133.04,46.4,12.75
Cortland,90,US,1598743157,68,42.6,-76.08,72.0,9.17
Mountrath,40,IE,1598743157,82,53.0,-7.47,48.99,4.85
Esso,88,RU,1598743157,56,55.93,158.7,49.68,4.81
Badin,100,PK,1598743157,83,24.66,68.84,81.54,13.15
Aripuanã,88,BR,1598743158,45,-9.17,-60.63,87.08,2.06
Norman Wells,20,CA,1598743035,41,65.28,-126.83,59.0,9.17
Karatau,0,KZ,1598743158,43,43.17,70.47,63.99,3.83
Kem',15,RU,1598743158,92,64.96,34.58,46.99,8.57
College,40,US,1598743133,63,64.86,-147.8,64.0,6.93
Aswān,0,EG,1598743159,20,24.09,32.91,85.82,9.06
San Jose,5,US,1598742906,50,37.34,-121.89,81.0,9.17
Udachny,90,RU,1598743160,61,66.42,112.4,48.2,2.24
Morgan City,1,US,1598743160,88,29.7,-91.21,87.8,5.82
Kaitangata,21,NZ,1598743026,55,-46.28,169.85,59.0,11.01
Leningradskiy,100,RU,1598743091,87,69.38,178.42,37.15,10.51
Prince Rupert,90,CA,1598743160,87,54.32,-130.32,57.2,4.7
Brotas,0,BR,1598743160,41,-22.28,-48.13,73.31,4.36
Hervey Bay,12,AU,1598743109,68,-25.3,152.85,71.01,9.17
Micheweni,16,TZ,1598743161,83,-4.97,39.83,73.56,8.28
Birao,88,CF,1598743161,95,10.28,22.79,70.84,4.79
Atambua,47,ID,1598743161,69,-9.11,124.89,70.72,5.19
Kemin,0,KG,1598743162,46,42.78,75.69,61.5,4.09
Constitución,2,CL,1598743056,63,-35.33,-72.42,49.35,11.3
San Ignacio Río Muerto,75,MX,1598743162,39,27.42,-110.23,95.0,6.93
Pangnirtung,40,CA,1598743162,42,66.15,-65.71,54.41,1.61
Oxford,93,GB,1598742961,81,51.75,-1.26,53.6,11.41
Moen,94,NO,1598743163,93,69.13,18.61,44.6,8.05
Kendari,82,ID,1598743163,89,-3.94,122.5,73.63,2.42
Chimbote,9,PE,1598743083,80,-9.09,-78.58,62.56,12.64
Umm Kaddadah,12,SD,1598743163,52,13.6,26.69,83.14,4.16
Esik,0,KZ,1598743163,76,43.36,77.45,57.2,4.47
Sinnamary,100,GF,1598743078,85,5.38,-52.95,79.79,11.68
Vila Franca do Campo,20,PT,1598743164,83,37.72,-25.43,73.4,6.93
Nouakchott,20,MR,1598742970,74,18.09,-15.98,82.4,18.34
Phan Thiet,50,VN,1598743164,87,10.93,108.1,77.92,6.6
Kemijärvi,0,FI,1598743164,85,66.71,27.43,42.37,2.53
Katherine,79,AU,1598743165,60,-14.47,132.27,71.6,10.29
Minbu,100,MM,1598743165,84,20.18,94.88,78.13,2.26
Lagos,40,NG,1598743055,88,6.58,3.75,77.0,3.36
Todos Santos,100,MX,1598743165,83,23.45,-110.22,81.0,10.0
Vila Velha,20,BR,1598743125,88,-20.33,-40.29,73.4,11.41
Sudak,0,UA,1598743166,72,44.85,34.97,69.66,4.5
Zhanakorgan,0,KZ,1598743166,33,43.91,67.25,71.31,12.39
Erenhot,100,CN,1598742920,90,43.65,111.98,59.65,8.79
João Pinheiro,0,BR,1598743166,38,-17.74,-46.17,70.74,3.98
Alugan,100,PH,1598743167,81,12.22,125.48,79.47,7.25
Inuvik,20,CA,1598743130,33,68.35,-133.72,59.0,3.36
Banda Aceh,88,ID,1598743167,79,5.56,95.32,79.5,6.55
Praia,20,CV,1598743026,94,14.92,-23.51,78.8,2.24
Port Lincoln,54,AU,1598743068,70,-34.73,135.87,56.21,20.24
Dali,100,CN,1598743168,87,25.7,100.18,62.64,2.39
Rolla,75,US,1598743168,94,37.95,-91.77,72.0,5.82
Chara,94,RU,1598743168,62,56.91,118.26,54.39,3.49
Pirae,20,PF,1598743168,62,-17.52,-149.53,84.2,6.93
Rosário do Sul,71,BR,1598743169,91,-30.26,-54.91,68.14,13.49
Pahrump,0,US,1598743097,12,36.21,-115.98,100.0,7.0
Halifax,100,CA,1598743136,92,44.65,-63.57,64.0,3.0
Tuatapere,95,NZ,1598743169,68,-46.13,167.68,55.58,12.64
Uppsala County,100,SE,1598743169,100,60.0,17.75,54.0,5.82
Båtsfjord,59,NO,1598743170,76,70.63,29.72,47.95,9.08
Chambas,40,CU,1598743170,74,22.19,-78.91,86.0,9.17
Hualmay,23,PE,1598743057,81,-11.1,-77.61,62.4,11.81
Lumphat,45,KH,1598743170,97,13.49,106.98,73.31,1.59
Chongwe,0,ZM,1598743170,27,-15.33,28.68,66.88,2.57
Hai’an,24,CN,1598743171,83,32.54,120.45,84.99,5.95
Talnakh,90,RU,1598743063,100,69.49,88.4,48.2,6.71
Manyana,13,BW,1598743171,51,-23.4,21.72,46.78,12.71
Yulara,0,AU,1598743108,23,-25.24,130.99,53.6,9.17
Bartica,40,GY,1598743171,100,6.4,-58.62,77.0,2.24
Hirtshals,2,DK,1598742966,96,57.59,9.96,51.01,0.76
Pingliang,100,CN,1598743172,80,35.54,106.69,58.1,13.24
Karratha,0,AU,1598742951,32,-20.74,116.85,75.11,11.68
Muisne,75,EC,1598742966,78,0.6,-80.03,80.6,5.82
Mareeba,94,AU,1598743172,79,-17.0,145.43,71.01,5.01
Sibolga,67,ID,1598743173,81,1.74,98.78,76.96,3.11
Samarai,19,PG,1598743073,86,-10.62,150.67,78.89,18.14
Olinda,40,BR,1598742966,74,-8.01,-34.86,78.8,11.41
Pedini,0,GR,1598743173,82,39.6,20.84,71.01,2.55
Great Falls,1,US,1598743173,10,47.5,-111.3,87.8,19.46
Copiapó,22,CL,1598743174,67,-27.37,-70.33,57.2,16.11
Cabedelo,40,BR,1598743069,83,-6.98,-34.83,77.0,9.17
Kota Belud,20,MY,1598743174,94,6.35,116.43,77.0,4.7
Bud,40,US,1598743174,53,39.45,-86.18,78.01,10.29
Belen,0,TR,1598743175,88,36.49,36.22,75.2,3.36
Torbay,75,CA,1598743043,76,47.67,-52.73,60.01,14.99
Sungai Penuh,97,ID,1598743175,92,-2.08,101.38,63.54,3.56
Khandyga,100,RU,1598743027,44,62.67,135.6,54.39,5.26
Carutapera,30,BR,1598743175,81,-1.2,-46.02,78.15,8.7
Kalyazin,73,RU,1598743175,91,57.24,37.84,52.75,6.44
Urucará,83,BR,1598743176,75,-2.54,-57.76,79.2,2.04
Kantang,69,TH,1598743176,90,7.41,99.52,76.42,2.35
Marabá,22,BR,1598743176,62,-5.37,-49.12,84.2,2.24
Tilichiki,82,RU,1598743034,67,60.47,166.1,50.2,8.86
Vanimo,58,PG,1598743177,71,-2.67,141.3,81.19,3.31
Borogontsy,100,RU,1598743177,46,62.67,131.17,56.43,7.96
Richards Bay,100,ZA,1598743080,71,-28.78,32.04,66.33,14.27
Oranjemund,0,NA,1598743024,74,-28.55,16.43,51.13,5.84
Zhengjiatun,65,CN,1598743177,78,43.51,123.51,64.36,4.38
Torrington,80,US,1598743178,91,41.8,-73.12,77.0,7.11
Ust-Maya,100,RU,1598743178,52,60.42,134.53,53.13,7.0
Adrar,58,MR,1598743178,9,20.5,-10.07,96.94,18.07
Bāfq,0,IR,1598743178,22,31.61,55.41,67.15,4.61
Olean,90,US,1598743179,77,42.08,-78.43,69.01,6.93
New Milford,20,US,1598743179,74,40.93,-74.02,81.0,8.05
The Valley,75,AI,1598743095,79,18.22,-63.06,84.99,13.87
Nome,90,US,1598743179,76,64.5,-165.41,57.99,9.17
Port Elizabeth,40,ZA,1598743179,93,-33.92,25.57,46.4,14.99
Zakamensk,13,RU,1598743180,87,50.37,103.29,45.82,2.26
Keïta,81,NE,1598743180,78,14.76,5.77,80.6,4.7
Moramanga,83,MG,1598743180,94,-18.93,48.2,56.1,1.72
Moss Vale,0,AU,1598743180,47,-34.55,150.38,63.0,11.41
Oktyabr'skiy,100,RU,1598743181,83,54.48,53.47,60.58,4.25
Miles City,1,US,1598743181,11,46.41,-105.84,91.4,5.3
Tupã,0,BR,1598743181,41,-21.93,-50.51,75.4,7.74
Gravelbourg,0,CA,1598743181,16,49.88,-106.55,86.79,15.64
Sangar,100,RU,1598743182,57,63.92,127.47,53.96,14.9
Tura,80,IN,1598743054,95,25.52,90.22,73.71,4.09
Aykhal,90,RU,1598743182,61,66.0,111.5,48.2,2.24
Marsá Maţrūḩ,0,EG,1598743182,74,31.35,27.25,78.8,6.93
Xiongzhou,0,CN,1598743182,75,25.12,114.3,75.65,1.68
Bikin,100,RU,1598743183,95,46.82,134.26,54.7,5.12
Ahipara,0,NZ,1598743078,59,-35.17,173.17,61.36,3.0
Sioux Lookout,40,CA,1598743047,59,50.1,-91.92,62.6,5.82
Andahuaylas,61,PE,1598743183,60,-13.66,-73.39,58.78,5.35
Nkhata Bay,13,MW,1598743183,56,-11.61,34.29,73.45,4.43
Atasū,0,KZ,1598743184,46,48.68,71.64,61.05,6.69
Oranjestad,40,AW,1598743045,74,12.52,-70.03,86.0,13.87
Nerchinskiy Zavod,100,RU,1598743184,97,51.31,119.61,51.13,2.55
Port Moresby,38,PG,1598743036,69,-9.44,147.18,80.37,1.72
Bāgli,100,IN,1598743184,99,22.65,76.35,71.49,9.8
Kumul,30,CN,1598743185,31,42.8,93.45,65.39,5.35
Kortkeros,90,RU,1598743185,100,61.81,51.58,55.4,2.24
Faya,16,SA,1598743061,60,18.39,42.45,69.8,2.21
Xining,100,CN,1598743185,85,36.62,101.77,48.83,1.36
Kaputa,8,ZM,1598743186,47,-8.47,29.66,72.27,5.3
Saiha,100,IN,1598743186,93,22.48,92.97,68.97,1.52
Cartagena,75,CO,1598743186,88,10.4,-75.51,78.8,4.7
Puerto del Rosario,75,ES,1598743186,73,28.5,-13.86,73.4,18.34
Panama City,75,PA,1598743041,94,8.99,-79.52,78.8,7.25
Yar-Sale,62,RU,1598743062,86,66.83,70.83,39.76,8.32
Sobolevo,93,RU,1598743187,78,54.43,31.9,61.74,13.51
Viranşehir,0,TR,1598743187,12,37.24,39.76,87.94,11.01
Berlevåg,95,NO,1598743037,73,70.86,29.09,50.38,9.86
Nabire,100,ID,1598743187,92,-3.37,135.48,75.69,2.75
Kawalu,92,ID,1598743056,90,-7.38,108.21,68.95,0.74
Plettenberg Bay,30,ZA,1598743188,80,-34.05,23.37,46.29,10.69
Mahād,97,IN,1598743188,88,18.08,73.42,75.6,3.04
Amahai,100,ID,1598743188,86,-3.33,128.92,77.54,3.94
Nelson Bay,0,AU,1598743188,76,-32.72,152.15,54.0,6.93
Khanbari,73,NP,1598743189,74,27.37,87.2,72.18,1.36
Tigil',49,RU,1598743189,67,57.8,158.67,53.78,3.29
Sampit,18,ID,1598743189,93,-2.53,112.95,73.56,2.17
Solnechnyy,99,RU,1598743189,60,50.72,136.63,55.54,3.13
Muros,0,ES,1598743024,86,42.78,-9.06,55.99,1.01
Antofagasta,90,CL,1598742967,76,-23.65,-70.4,57.2,13.87
Sharlyk,100,RU,1598743190,59,52.92,54.75,66.16,3.4
Pontal do Paraná,2,BR,1598743190,53,-25.65,-48.51,73.4,5.82
Posse,1,BR,1598743190,34,-14.09,-46.37,74.16,5.68
Paraíso,75,CR,1598743190,88,9.84,-83.87,75.2,9.17
Beringovskiy,100,RU,1598743191,88,63.05,179.32,48.18,22.66
Talcahuano,0,CL,1598743191,66,-36.72,-73.12,51.8,12.75
Honiara,20,SB,1598743059,74,-9.43,159.95,86.0,9.17
Rapid Valley,1,US,1598743191,25,44.06,-103.15,87.8,19.46
Rāvar,0,IR,1598743191,27,31.27,56.81,60.94,1.61
Yatou,29,CN,1598743192,89,37.15,122.38,74.46,6.76
Havelock,90,US,1598743192,74,34.88,-76.9,84.2,16.11
Victor Harbor,42,AU,1598743192,82,-35.57,138.62,57.0,15.39
Verkhnevilyuysk,100,RU,1598743192,92,63.45,120.32,52.23,4.63
Pareora,85,NZ,1598743193,63,-44.49,171.21,57.11,10.47
Harper,88,LR,1598743052,85,4.38,-7.72,75.72,12.12
Qiongshan,0,CN,1598742974,94,20.01,110.35,77.0,2.24
Nishihara,20,JP,1598743193,83,26.18,127.76,84.2,10.29
Rio das Ostras,0,BR,1598742957,78,-22.53,-41.95,75.2,12.75
Cayenne,89,GF,1598743107,88,4.93,-52.33,78.8,3.36
Tefé,40,BR,1598743194,78,-3.35,-64.71,80.6,0.34
Flinders,0,AU,1598743194,76,-34.58,150.86,66.0,4.0
Kyaikkami,68,MM,1598743194,87,16.08,97.57,79.38,7.18
Carlsbad,1,US,1598743019,69,33.16,-117.35,81.0,12.75
Boguchany,0,RU,1598743195,92,58.38,97.45,49.62,2.51
Belmonte,90,BR,1598743195,88,-15.86,-38.88,73.4,6.93
Ust-Kuyga,15,RU,1598743195,49,70.02,135.6,52.2,2.62
Xiongyue,39,CN,1598743195,82,40.18,122.12,72.66,5.86
Los Llanos de Aridane,75,ES,1598743082,78,28.66,-17.92,73.4,17.22
Kununurra,7,AU,1598743196,21,-15.77,128.73,68.0,10.07
Dawei,25,MM,1598743196,91,14.08,98.2,76.05,2.21
Tiarei,20,PF,1598743196,62,-17.53,-149.33,84.2,6.93
Moanda,100,GA,1598743196,93,-1.56,13.22,71.08,3.96
Guadalupe y Calvo,88,MX,1598743196,92,26.1,-106.97,64.81,3.8
Avanigadda,73,IN,1598743166,84,16.02,80.92,79.79,5.06
Filingué,68,NE,1598743197,72,14.35,3.32,81.46,10.54
Homer,90,US,1598743197,62,59.64,-151.55,57.2,11.41
Chatrā,22,IN,1598743197,86,24.22,84.87,74.32,4.65
Nānākuli,1,US,1598743197,43,21.39,-158.15,89.6,11.41
Half Moon Bay,20,US,1598742906,56,37.46,-122.43,75.0,9.17
Batagay,0,RU,1598743198,41,67.63,134.63,54.5,4.61
Ponta Delgada,20,PT,1598743198,83,37.73,-25.67,73.4,6.93
Sorong,100,ID,1598743198,85,-0.88,131.25,76.95,7.96
Ouadda,100,CF,1598743199,96,8.08,22.4,68.0,4.81
Aquin,47,HT,1598743199,80,18.28,-73.4,82.65,2.57
Ulaangom,91,MN,1598743199,64,49.98,92.07,51.35,1.95
Haimen,20,CN,1598743199,94,23.19,116.61,80.6,2.24
